rayscan_id,profile,capture_time,lat,lon,label,confidence,multilabel
AYchjJJLOxj6xLda4_xA, wetenschapper ,2023-03-27T05:31:05.249000+00:00,55.28839698454294,2.7960425201503374,,,0
AYchi_dcOxj6xLda4_iC, wetenschapper ,2023-03-27T05:30:30.467000+00:00,55.01937671645855,6.756470832896145,,,0
AYchjVLSOxj6xLda5ADi, wetenschapper ,2023-03-27T05:19:55.962000+00:00,55.644937924591794,6.9860192158479935,,,0
AYchggDuOxj6xLda48SF, wetenschapper ,2023-03-27T05:19:37.195000+00:00,56.963524647642615,1.781958346595041,,,0
AYchgb9xOxj6xLda48QK, wetenschapper ,2023-03-27T05:19:20.314000+00:00,54.22514075057157,1.4326098488661283,,,0
AYchjVLIOxj6xLda5ADh, wetenschapper ,2023-03-27T05:18:56.796000+00:00,55.372361390385834,3.878162055937553,,,0
AYchgR2HOxj6xLda48BF, wetenschapper ,2023-03-27T05:18:38.597000+00:00,56.66631535258563,5.642930525263826,,,0
AYchgHhmOxj6xLda47zK, wetenschapper ,2023-03-27T05:17:56.564000+00:00,55.65238840721399,4.044970701895563,,,0
AYchf-Z9Oxj6xLda47uM, wetenschapper ,2023-03-27T05:17:20.353000+00:00,55.129442182193195,5.060405225337736,,,0
AYchf3ffOxj6xLda47dc, wetenschapper ,2023-03-27T05:16:50.075000+00:00,54.083214649834595,4.866277842849534,,,0
AYchfw18Oxj6xLda47b7, wetenschapper ,2023-03-27T05:16:20.214000+00:00,55.78617879462438,5.067628471271366,,,0
AYchfqH8Oxj6xLda47MY, wetenschapper ,2023-03-27T05:15:55.775000+00:00,55.47672025080393,2.448176929660492,,,0
AYchfjAPOxj6xLda47Ii, wetenschapper ,2023-03-27T05:15:23.998000+00:00,56.59391571375868,3.05849420201739,gevlekte_rog,0.5588104,1
AYchfjAPOxj6xLda47Ii, wetenschapper ,2023-03-27T05:15:23.998000+00:00,56.08325497997506,1.6552259982465998,kleinoog_rog,0.30292648,1
AYchfcM9Oxj6xLda47G4, wetenschapper ,2023-03-27T05:14:53.464000+00:00,54.23273119788645,4.3905139058364915,,,0
AYchfV-hOxj6xLda464f, wetenschapper ,2023-03-27T05:14:34.548000+00:00,55.208770507557844,3.2902488782548547,,,0
AYchfM4FOxj6xLda46sE, wetenschapper ,2023-03-27T05:13:56.702000+00:00,55.9041976068614,6.9945517805316895,,,0
AYchfGb3Oxj6xLda46mL, wetenschapper ,2023-03-27T05:13:26.699000+00:00,55.18703249327879,0.6417648806628773,,,0
AYchfBI2Oxj6xLda46k_, wetenschapper ,2023-03-27T05:13:05.466000+00:00,55.77559276392056,6.288941809663188,,,0
AYchevtXOxj6xLda46Kr, wetenschapper ,2023-03-27T05:11:52.321000+00:00,54.209228322632924,2.015110993328933,kleinoog_rog,0.60977054,1
AYchevtXOxj6xLda46Kr, wetenschapper ,2023-03-27T05:11:52.321000+00:00,55.032118147778945,3.4729854107979916,gevlekte_rog,0.3002911,1
AYce6wqvOxj6xLda1iWT, ander ,2023-03-26T17:20:15.472000+00:00,55.21776781786829,2.7612051698782496,,,0
AYcdi_ycOxj6xLdazs2W, wetenschapper ,2023-03-26T10:52:01.898000+00:00,54.77455001239461,3.9891174330116725,gevlekte_rog,0.54112095,1
AYcdi_ycOxj6xLdazs2W, wetenschapper ,2023-03-26T10:52:01.898000+00:00,54.140342949989225,5.166449534435531,golf_rog,0.2982973,1
AYcdi37xOxj6xLdazsrK, wetenschapper ,2023-03-26T10:51:24.436000+00:00,55.55066162431098,2.235393866545916,gevlekte_rog,0.6579812,1
AYcdi37xOxj6xLdazsrK, wetenschapper ,2023-03-26T10:51:24.436000+00:00,54.86106840643341,3.5049765092287504,kleinoog_rog,0.28951755,1
AYcdisuZOxj6xLdazsYd, wetenschapper ,2023-03-26T10:50:40.978000+00:00,54.90720673268627,3.546461479724022,gevlekte_rog,0.68838423,1
AYcdisuZOxj6xLdazsYd, wetenschapper ,2023-03-26T10:50:40.978000+00:00,54.27397330893202,4.514078793841677,stekel_rog,0.123321526,1
AYchjVIrOxj6xLda5ADg, wetenschapper ,2023-03-26T10:50:03.943000+00:00,55.66542571411561,2.6555909215599742,,,0
AYchjVHpKso3WfJ6U5C0, wetenschapper ,2023-03-26T10:49:34.622000+00:00,55.837590411286584,3.303683986820736,stekel_rog,0.73084867,1
AYchjVHpKso3WfJ6U5C0, wetenschapper ,2023-03-26T10:49:34.622000+00:00,56.434258251233366,4.946962403943036,gevlekte_rog,0.18306501,1
AYcdiUN3Oxj6xLdazsDm, wetenschapper ,2023-03-26T10:48:37.104000+00:00,55.94543339398176,5.7198398015824985,gevlekte_rog,0.7264393,1
AYcdiUN3Oxj6xLdazsDm, wetenschapper ,2023-03-26T10:48:37.104000+00:00,54.22615786572482,3.27667639793022,golf_rog,0.21192539,1
AYcdiAenOxj6xLdazrf_, wetenschapper ,2023-03-26T10:47:39.979000+00:00,55.2148995110393,1.5627520872651002,,,0
AYcIya-8Oxj6xLdaX1Td, professionele visser ,2023-03-22T10:07:26.136000+00:00,55.05125922140618,0.02273219349777944,grootoog_rog,0.67108613,1
AYcIya-8Oxj6xLdaX1Td, professionele visser ,2023-03-22T10:07:26.136000+00:00,55.7505035768414,0.8711439176307367,golf_rog,0.29733318,1
AYcIx-i9Oxj6xLdaX0u4, professionele visser ,2023-03-22T10:05:02.527000+00:00,56.77213461575357,5.517763134678463,,,0
AYcIxdAdOxj6xLdaX0Gk, professionele visser ,2023-03-22T10:03:10.732000+00:00,54.10816447596713,4.389183007355565,stekel_rog,0.49071074,1
AYcIxdAdOxj6xLdaX0Gk, professionele visser ,2023-03-22T10:03:10.732000+00:00,54.97153778584067,0.776190748706002,grootoog_rog,0.33528474,1
AYcIxdAdOxj6xLdaX0Gk, professionele visser ,2023-03-22T10:03:10.732000+00:00,56.6744383546101,6.273724109436425,blonde_rog,0.14585125,1
AYcIwqnOOxj6xLdaXy8S, professionele visser ,2023-03-22T09:59:26.689000+00:00,56.92300916491219,1.21952919204023,grootoog_rog,0.7688772,1
AYcIwqnOOxj6xLdaXy8S, professionele visser ,2023-03-22T09:59:26.689000+00:00,56.38552933668466,1.925053148638256,stekel_rog,0.19226733,1
AYcIogCgOxj6xLdaXnSQ, professionele visser ,2023-03-22T09:23:52.096000+00:00,54.17363411519372,2.7836607147428873,grootoog_rog,0.52808154,1
AYcIogCgOxj6xLdaXnSQ, professionele visser ,2023-03-22T09:23:52.096000+00:00,54.56418230671439,5.996820644399458,stekel_rog,0.32004306,1
AYCzVk2i6OvzbIEkFGMW, ander ,2022-05-11T13:36:54.406000+00:00,55.36098999086418,5.53355585585899,,,0
AYCyrAXk6OvzbIEkDbzm, ander ,2022-05-11T10:30:58.851000+00:00,56.14586889507941,3.215609620805545,,,0
AX_6wBaWX1_JKiC4b7qq, wetenschapper ,2022-04-05T17:12:50.807000+00:00,54.83464409640916,4.756290836773912,,,0
AX_6wBHnX1_JKiC4b7qn, wetenschapper ,2022-04-05T13:43:03.869000+00:00,56.39803517054376,1.6644847576820068,,,0
AX_6wA5ine5sjBoNh5Ht, wetenschapper ,2022-04-05T13:41:52.262000+00:00,55.25673247741102,0.5507884921667306,,,0
AX8hL4_une5sjBoNk1n0, ander ,2022-02-22T11:27:16.380000+00:00,55.270159684383465,6.242661918658129,,,0
AX8hLyJMne5sjBoNk1Sk, ander ,2022-02-22T11:26:27.591000+00:00,54.48598972418056,3.6976490056202618,blonde_rog,0.48727366,1
AX8hLyJMne5sjBoNk1Sk, ander ,2022-02-22T11:26:27.591000+00:00,54.93096460135459,2.7854735582386896,stekel_rog,0.34158158,1
AX8hLyJMne5sjBoNk1Sk, ander ,2022-02-22T11:26:27.591000+00:00,55.4157353611625,1.9670401663399277,gevlekte_rog,0.14103034,1
AX6WgCgfSnvTLVTcZVHm, wetenschapper ,2022-01-26T13:08:04.312000+00:00,54.91145491773854,4.536771006054678,,,0
AX6WgFDxOz-AFRo8TecH, wetenschapper ,2022-01-26T12:52:56.607000+00:00,55.44838905810255,1.6326624942894785,,,0
AX57bs9WSnvTLVTc6SC4, wetenschapper ,2022-01-21T06:59:19.010000+00:00,54.222469191911365,3.2686870237649366,,,0
AX55Vmn5Oz-AFRo8H28t, ander ,2022-01-20T21:13:15.923000+00:00,54.96347589389861,1.2748068812986713,,,0
AX55UvDoOz-AFRo8H0OE, ander ,2022-01-20T21:09:43.836000+00:00,55.32727913190531,6.84334312689962,blonde_rog,0.69874036,1
AX55UvDoOz-AFRo8H0OE, ander ,2022-01-20T21:09:43.836000+00:00,55.11734939265128,2.4769487843857334,gevlekte_rog,0.3003706,1
AX54aWXfOz-AFRo8FMVT, ander ,2022-01-20T16:54:39.042000+00:00,56.686303805903705,5.917679298817224,,,0
AX54aUgWOz-AFRo8FMQy, ander ,2022-01-20T16:54:32.155000+00:00,55.16290957722669,6.388879435062751,,,0
AX6WgFDXDxIzYrytJxkh, wetenschapper ,2022-01-19T08:20:55.305000+00:00,54.60006700387948,6.667065987798175,,,0
AX5uFQjTSnvTLVTcIqX4, professionele visser ,2022-01-18T16:46:06.161000+00:00,55.877304899330454,4.724453440642327,,,0
AX2enU5_dIn-ykjvHXBL, wetenschapper ,2021-12-09T09:53:58.540000+00:00,56.1677473207115,6.987996854516638,,,0
AX2emdW6dIn-ykjvHT4n, wetenschapper ,2021-12-09T09:50:13.255000+00:00,55.44228442914599,0.6420667646925993,,,0
AX2Z9szFdIn-ykjv3yJO, wetenschapper ,2021-12-08T12:13:43.146000+00:00,54.612421724426,4.913275217607569,,,0
AX2Z9TW-dIn-ykjv3xNw, wetenschapper ,2021-12-08T12:11:56.079000+00:00,56.52555181172286,1.6234151790636722,,,0
AX2Z9V2XSCT3KHZgoc2C, wetenschapper ,2021-12-08T12:11:39.143000+00:00,55.83981453751368,3.7267211203197843,,,0
AX2Z9V1vdIn-ykjv3xOv, wetenschapper ,2021-12-08T12:11:21.510000+00:00,56.9926226757575,2.2999891349994233,blonde_rog,0.7305504,1
AX2Z9V1vdIn-ykjv3xOv, wetenschapper ,2021-12-08T12:11:21.510000+00:00,55.05897659192375,6.58976070496977,gevlekte_rog,0.2689787,1
AX2ZLsDidIn-ykjv0vN-, ander ,2021-12-08T08:35:04.687000+00:00,55.746671909925944,0.2535307315497294,golf_rog,0.34691167,1
AX2ZLsDidIn-ykjv0vN-, ander ,2021-12-08T08:35:04.687000+00:00,54.624793175361276,5.8143782724594635,kleinoog_rog,0.34476483,1
AX2ZLsDidIn-ykjv0vN-, ander ,2021-12-08T08:35:04.687000+00:00,56.62882840950981,4.428066923383064,gevlekte_rog,0.19935527,1
AX2V196xdIn-ykjvqiUl, wetenschapper ,2021-12-07T17:01:22.574000+00:00,55.05697853148934,3.2449734280661993,golf_rog,0.625065,1
AX2V196xdIn-ykjvqiUl, wetenschapper ,2021-12-07T17:01:22.574000+00:00,55.54328155766492,5.65475336843609,stekel_rog,0.33322933,1
AX2VjmmAwbHQ5sh6MQ00, wetenschapper ,2021-12-07T15:41:17.034000+00:00,54.26289898239519,1.6339447521007018,,,0
AX25DOjAdIn-ykjvZLX_, wetenschapper ,2021-12-07T13:13:42.111000+00:00,56.54177146664664,1.928660382714816,,,0
AX2VBytGdIn-ykjvnjje, wetenschapper ,2021-12-07T13:13:33.605000+00:00,56.48500145846553,0.4688708002819437,,,0
AX2U-6EgdIn-ykjvnabx, wetenschapper ,2021-12-07T13:00:57.236000+00:00,54.92171173999419,4.12030905689471,,,0
AX2U9-_GdIn-ykjvnXh8, wetenschapper ,2021-12-07T12:56:42.976000+00:00,55.09763882542036,4.146324684815464,,,0
AX2UkUe0SCT3KHZgdfBd, wetenschapper ,2021-12-07T11:04:45.296000+00:00,55.9453223832148,1.2729918208257334,,,0
AX2enYhBdIn-ykjvHXFm, wetenschapper ,2021-11-29T08:49:08.646000+00:00,54.36455258146485,1.7363371862424626,gevlekte_rog,0.7938405871391296,1
AX2enYhBdIn-ykjvHXFm, wetenschapper ,2021-11-29T08:49:08.646000+00:00,56.89995585289232,3.8737035735502037,blonde_rog,0.19575096666812897,1
AX2enYhUSCT3KHZgzWPt, wetenschapper ,2021-11-29T08:45:43.752000+00:00,56.222443565084696,6.015871618535478,,,0
AX2enYhBdIn-ykjvHXFn, wetenschapper ,2021-11-29T08:45:29.371000+00:00,56.62514253659271,1.531589978564057,gevlekte_rog,0.660288393497467,1
AX2enYhBdIn-ykjvHXFn, wetenschapper ,2021-11-29T08:45:29.371000+00:00,54.84209561643776,0.6016152161867439,golf_rog,0.23269519209861755,1
AX1W1A-ASCT3KHZg4t5c, wetenschapper ,2021-11-25T11:17:10.212000+00:00,56.02696040869724,3.4509617821468663,,,0
AX1W1AmBSCT3KHZg4t5M, wetenschapper ,2021-11-25T11:16:43.370000+00:00,56.36066173179603,2.715419254580036,,,0
AX1W1BCRwbHQ5sh6uvrt, wetenschapper ,2021-11-25T11:16:32.506000+00:00,55.88558035272761,2.079006253017697,,,0
AX1W1A-QdIn-ykjv-wCM, wetenschapper ,2021-11-25T11:16:07.849000+00:00,54.79782882586135,1.4736795121793542,,,0
AX1W1BCLdIn-ykjv-wCV, wetenschapper ,2021-11-25T11:15:14.025000+00:00,55.226646883308355,0.1816593192015521,blonde_rog,0.42037102580070496,1
AX1W1BCLdIn-ykjv-wCV, wetenschapper ,2021-11-25T11:15:14.025000+00:00,56.81142171071361,0.6281194344440086,gevlekte_rog,0.2554752230644226,1
AX1W1BCLdIn-ykjv-wCV, wetenschapper ,2021-11-25T11:15:14.025000+00:00,55.41290516088756,3.320018803013321,golf_rog,0.19568133354187012,1
AX1W1BBMdIn-ykjv-wCT, wetenschapper ,2021-11-25T11:10:35.996000+00:00,54.83589815980381,1.02427367501968,,,0
AX1W1BEAdIn-ykjv-wCd, wetenschapper ,2021-11-25T11:09:14.999000+00:00,54.854323513812545,2.520063552221248,,,0
AX1W1A7NdIn-ykjv-wBe, wetenschapper ,2021-11-25T11:09:03.290000+00:00,54.854691866057905,4.531011322616668,,,0
AX1W1BAxdIn-ykjv-wCS, wetenschapper ,2021-11-25T11:08:22.025000+00:00,56.392168590968566,6.634213837794485,,,0
AX1W1BEpwbHQ5sh6uvr2, wetenschapper ,2021-11-25T11:07:49.719000+00:00,56.30782321906755,4.685519492084551,,,0
AX1W1BEpwbHQ5sh6uvr1, wetenschapper ,2021-11-25T11:01:55.848000+00:00,55.99687171491081,4.6818225336981385,,,0
AX1W1BBXwbHQ5sh6uvrs, wetenschapper ,2021-11-25T11:01:21.936000+00:00,56.24847309805336,2.846532672491249,,,0
AX1W1A8udIn-ykjv-wCL, wetenschapper ,2021-11-25T11:00:38.351000+00:00,54.66853442827196,6.774984507395823,,,0
AX1W1A6WdIn-ykjv-wBd, wetenschapper ,2021-11-25T11:00:05.413000+00:00,56.03855926311243,0.38942634035020873,,,0
AX1W1BBZSCT3KHZg4t5d, wetenschapper ,2021-11-25T10:52:46.667000+00:00,54.834897567828975,2.236934654318118,,,0
AX1W1BAqdIn-ykjv-wCR, wetenschapper ,2021-11-25T10:52:25.854000+00:00,54.254873931771954,0.8577846947178872,,,0
AX1W1A6LSCT3KHZg4t5Y, wetenschapper ,2021-11-25T10:47:14.984000+00:00,56.97932202032655,1.5327244359607017,,,0
AX1W1BAddIn-ykjv-wCP, wetenschapper ,2021-11-25T10:44:41.199000+00:00,54.80291669711033,5.405489741716471,golf_rog,0.7080445885658264,1
AX1W1BAddIn-ykjv-wCP, wetenschapper ,2021-11-25T10:44:41.199000+00:00,55.07146603084653,6.232751613087584,stekel_rog,0.13479524850845337,1
AX1W1BAddIn-ykjv-wCP, wetenschapper ,2021-11-25T10:44:41.199000+00:00,56.576606424385375,4.93377636447666,gevlekte_rog,0.10960827767848969,1
AX1W1BEBSCT3KHZg4t5g, wetenschapper ,2021-11-25T10:40:18.823000+00:00,56.400371879226576,5.800458217883715,,,0
AX1W1BD-dIn-ykjv-wCc, wetenschapper ,2021-11-25T10:35:33.741000+00:00,55.618582076783575,1.9570663219060518,,,0
AX1W1BEMdIn-ykjv-wCe, wetenschapper ,2021-11-25T10:34:30.875000+00:00,56.8904167176216,4.099553451764371,stekel_rog,0.7897161245346069,1
AX1W1BEMdIn-ykjv-wCe, wetenschapper ,2021-11-25T10:34:30.875000+00:00,56.198356389063434,6.985974771829862,blonde_rog,0.16356101632118225,1
AX1W1A4wdIn-ykjv-wBc, wetenschapper ,2021-11-25T10:24:25.820000+00:00,55.40769345665244,5.08628167746559,,,0
AX1W1A3bdIn-ykjv-wBb, wetenschapper ,2021-11-25T10:24:01.597000+00:00,54.76586234505569,1.8445648246356054,,,0
AX1W1AsRdIn-ykjv-wBX, wetenschapper ,2021-11-25T10:23:28.003000+00:00,55.81616549766089,5.7404884096204984,,,0
AX1W1A-ldIn-ykjv-wCN, wetenschapper ,2021-11-25T10:22:45.501000+00:00,54.32209330527739,0.8215140572287827,,,0
AX1W1A3hSCT3KHZg4t5X, wetenschapper ,2021-11-25T10:22:26.340000+00:00,55.63280864658645,4.844559526862969,,,0
AX1W1BCuSCT3KHZg4t5e, wetenschapper ,2021-11-25T10:22:00.719000+00:00,54.499481821122764,1.467565721690904,,,0
AX1W1BAKdIn-ykjv-wCO, wetenschapper ,2021-11-25T10:20:50.018000+00:00,54.8494778606664,2.5057998661005696,gevlekte_rog,0.7614171504974365,1
AX1W1BAKdIn-ykjv-wCO, wetenschapper ,2021-11-25T10:20:50.018000+00:00,56.18572426207964,3.23898996898616,grootoog_rog,0.1449737548828125,1
AX1W1BEJwbHQ5sh6uvr0, wetenschapper ,2021-11-25T10:19:06.658000+00:00,54.614250242723514,4.1807137946861435,,,0
AX1W1BAddIn-ykjv-wCQ, wetenschapper ,2021-11-25T10:18:52.367000+00:00,56.110258650521196,4.513702325309321,,,0
AX1W1BCzdIn-ykjv-wCa, wetenschapper ,2021-11-25T10:18:47.422000+00:00,54.02655761298211,2.0002194487399665,,,0
AX1W1BCsdIn-ykjv-wCZ, wetenschapper ,2021-11-25T10:18:32.991000+00:00,54.026155835158434,1.3559467240776917,,,0
AX1W1BCvSCT3KHZg4t5f, wetenschapper ,2021-11-25T10:18:27.958000+00:00,56.94162128462654,6.5378682721489065,,,0
AX1W1BC6dIn-ykjv-wCb, wetenschapper ,2021-11-25T10:18:15.228000+00:00,55.496685183724956,4.462111831366707,,,0
AX1W1BCYdIn-ykjv-wCY, wetenschapper ,2021-11-25T10:16:25.329000+00:00,54.83286867787844,0.2887941589853288,,,0
AX1L3KwldIn-ykjvgPvW, wetenschapper ,2021-11-23T08:13:27.775000+00:00,54.66568710852009,4.382460381172802,,,0
AX1L2ecIdIn-ykjvgNqh, wetenschapper ,2021-11-23T08:10:16.541000+00:00,55.924603621138445,4.861024309281631,,,0
AX1L1rZndIn-ykjvgLFo, wetenschapper ,2021-11-23T08:03:40.550000+00:00,55.44793648289484,4.611387929424356,,,0
AX1L0C07dIn-ykjvgGP4, wetenschapper ,2021-11-23T07:59:58.784000+00:00,56.39665972411456,1.259876625204881,blonde_rog,0.7436303,1
AX1L0C07dIn-ykjvgGP4, wetenschapper ,2021-11-23T07:59:58.784000+00:00,56.78295104535506,4.909113700675431,gevlekte_rog,0.25356036,1
AX1L0C0WdIn-ykjvgGP3, wetenschapper ,2021-11-20T10:12:53.342000+00:00,56.64258193309216,3.2579494565430682,gevlekte_rog,0.7169734,1
AX1L0C0WdIn-ykjvgGP3, wetenschapper ,2021-11-20T10:12:53.342000+00:00,54.86170155713505,6.286840411753954,blonde_rog,0.28211352,1
AX1L0CzudIn-ykjvgGP2, wetenschapper ,2021-11-20T10:12:25.400000+00:00,54.76939842981808,4.153665946764247,,,0
AX0z0y1ISCT3KHZg-VdK, professionele visser ,2021-11-18T16:10:15.815000+00:00,56.60184091406302,1.6530073653892594,,,0
AX0pRsAkdIn-ykjv6pS4, recreatieve visser ,2021-11-16T15:03:57.323000+00:00,56.1568938739735,3.7118299641977393,stekel_rog,0.3860451281070709,1
AX0pRsAkdIn-ykjv6pS4, recreatieve visser ,2021-11-16T15:03:57.323000+00:00,55.503095895655754,3.247410012253294,gevlekte_rog,0.3673907220363617,1
AX0pRsAkdIn-ykjv6pS4, recreatieve visser ,2021-11-16T15:03:57.323000+00:00,56.07296318662158,3.0671006044127274,golf_rog,0.16303864121437073,1
AX0pRmVedIn-ykjv6oxp, recreatieve visser ,2021-11-16T14:56:42.720000+00:00,54.72919556674936,5.513985303729129,,,0
AX0pRmVXdIn-ykjv6oxo, recreatieve visser ,2021-11-16T14:56:12.592000+00:00,56.984705851746476,1.1684352474307214,golf_rog,0.6892676949501038,1
AX0pRmVXdIn-ykjv6oxo, recreatieve visser ,2021-11-16T14:56:12.592000+00:00,54.37065008503696,2.9807747219358953,gevlekte_rog,0.2674253582954407,1
AX0pRmVqdIn-ykjv6oxq, recreatieve visser ,2021-11-16T14:44:50.675000+00:00,56.95154181107601,4.88263645872463,golf_rog,0.4804970622062683,1
AX0pRmVqdIn-ykjv6oxq, recreatieve visser ,2021-11-16T14:44:50.675000+00:00,55.73873588250631,0.7158424365124769,blonde_rog,0.2183668166399002,1
AX0pRmVqdIn-ykjv6oxq, recreatieve visser ,2021-11-16T14:44:50.675000+00:00,55.22222275858437,6.402261020411824,kleinoog_rog,0.1906883865594864,1
AX0pRmVcSCT3KHZgqJ9o, recreatieve visser ,2021-11-16T14:22:05.863000+00:00,54.42036652400646,2.5977178376097956,,,0
AX0pRmVPdIn-ykjv6oxn, recreatieve visser ,2021-11-16T13:21:53.372000+00:00,56.882048233719374,4.453925098133654,stekel_rog,0.822929859161377,1
AX0pRmVPdIn-ykjv6oxn, recreatieve visser ,2021-11-16T13:21:53.372000+00:00,56.34542757480621,6.4340579187417095,gevlekte_rog,0.1158304363489151,1
AX0oyr9xwbHQ5sh640nI, ander ,2021-11-16T12:40:30.201000+00:00,55.15853629578754,1.5689199767651645,,,0
AX0TaNAAdIn-ykjv6_nh, wetenschapper ,2021-11-12T09:08:52.501000+00:00,54.65472081544747,6.296765783829763,,,0
AX0TaM_1dIn-ykjv6_ng, wetenschapper ,2021-11-12T09:08:27.668000+00:00,56.625857894123115,3.667797083404751,,,0
AX0TaM_0dIn-ykjv6_nf, wetenschapper ,2021-11-12T09:00:09.197000+00:00,54.515814226538204,1.2100008514396556,gevlekte_rog,0.8986439,1
AX0TaM_0dIn-ykjv6_nf, wetenschapper ,2021-11-12T09:00:09.197000+00:00,54.123463260836935,5.78736890473805,blonde_rog,0.10126766,1
AX0PnD_YdIn-ykjvxH1u, professionele visser ,2021-11-11T15:26:19.227000+00:00,54.05032747131412,0.8900105362856201,gevlekte_rog,0.3980112671852112,1
AX0PnD_YdIn-ykjvxH1u, professionele visser ,2021-11-11T15:26:19.227000+00:00,54.47897421196876,1.2837369695804113,kleinoog_rog,0.251531183719635,1
AX0PnD_YdIn-ykjvxH1u, professionele visser ,2021-11-11T15:26:19.227000+00:00,54.76026827383243,6.080368458586072,stekel_rog,0.2423202395439148,1
AX0TaM_xdIn-ykjv6_ne, wetenschapper ,2021-10-28T07:41:48.174000+00:00,56.410269222028624,6.469563306597345,,,0
AX0TaM_mdIn-ykjv6_nd, wetenschapper ,2021-10-28T07:41:27.749000+00:00,54.70470350539853,2.7360104493927073,,,0
AX0TaLi_dIn-ykjv6_e3, professionele visser ,2021-10-28T07:41:12.757000+00:00,56.71607876655057,2.3788463264028628,,,0
AX0TaKnPdIn-ykjv6_cn, professionele visser ,2021-10-28T07:40:55.482000+00:00,55.46272143496797,2.5052836270686236,blonde_rog,0.69874036,1
AX0TaKnPdIn-ykjv6_cn, professionele visser ,2021-10-28T07:40:55.482000+00:00,56.79106999779558,3.2786435311292443,gevlekte_rog,0.3003706,1
AX0TaJerdIn-ykjv6_b_, professionele visser ,2021-10-28T07:39:28.906000+00:00,56.70393124915696,3.7768866555229192,gevlekte_rog,0.8986439,1
AX0TaJerdIn-ykjv6_b_, professionele visser ,2021-10-28T07:39:28.906000+00:00,56.10800200869107,6.63594870405781,blonde_rog,0.10126766,1
AXwq-xqXysyE-813sl5D,"
          recreatieve visser
        ",2021-09-28T05:54:02.729000+00:00,56.11648644570129,5.258125571723476,electric_ray,0.45564902,1
AXwq-xqXysyE-813sl5D,"
          recreatieve visser
        ",2021-09-28T05:54:02.729000+00:00,56.65140682309195,1.560407816061835,snail,0.14126755,1
AXwq-xqWysyE-813sl5C,"
          recreatieve visser
        ",2021-09-28T05:53:18.823000+00:00,56.420292797276566,0.3731072556008287,snail,0.33770993,1
AXwq-xqWysyE-813sl5C,"
          recreatieve visser
        ",2021-09-28T05:53:18.823000+00:00,54.87416020522846,5.794449487224148,electric_ray,0.21711482,1
AXwq8cGdysyE-813sdFy,"
          recreatieve visser
        ",2021-09-28T05:47:32.156000+00:00,56.56069026891339,4.213434927358872,,,0
AXwq8cE5ysyE-813sdFw,"
          recreatieve visser
        ",2021-09-28T05:47:28.292000+00:00,54.581810506124775,3.753785685339402,,,0
AXwq8cE6ysyE-813sdFx,"
          recreatieve visser
        ",2021-09-28T05:47:23.655000+00:00,56.51756060926358,0.28653838543221943,,,0
AXwq8cBzysyE-813sdFu,"
          recreatieve visser
        ",2021-09-28T05:47:12.724000+00:00,56.072443685621856,1.615943046196919,,,0
AXwoghhFysyE-813i-hn,"
          recreatieve visser
        ",2021-09-27T18:26:12.050000+00:00,55.476012551826805,2.8780718261875666,golf_rog,0.7485067,1
AXwoghhFysyE-813i-hn,"
          recreatieve visser
        ",2021-09-27T18:26:12.050000+00:00,56.696211755634174,2.5419488814313245,gevlekte_rog,0.124898344,1
AXwofNRFysyE-813i5Wf,"
          recreatieve visser
        ",2021-09-27T18:18:24.274000+00:00,56.069940875377796,2.5104360915786015,stekel_rog,0.523759,1
AXwofNRFysyE-813i5Wf,"
          recreatieve visser
        ",2021-09-27T18:18:24.274000+00:00,56.79564108565021,2.6738539185464614,blonde_rog,0.1822057,1
AXwofNRFysyE-813i5Wf,"
          recreatieve visser
        ",2021-09-27T18:18:24.274000+00:00,56.08483860135289,6.913796404431593,golf_rog,0.112287946,1
AXwnhmPlysyE-813eyoz,"
          ander
        ",2021-09-27T13:51:15.369000+00:00,54.6056186715088,2.075293200542228,,,0
AXwnhmPiysyE-813eyoy,"
          ander
        ",2021-09-27T13:51:00.969000+00:00,55.98568579146217,5.559006640052465,blonde_rog,0.3748108,1
AXwnhmPiysyE-813eyoy,"
          ander
        ",2021-09-27T13:51:00.969000+00:00,54.25890075120016,1.4926983195999135,kleinoog_rog,0.2846588,1
AXwnhmPiysyE-813eyoy,"
          ander
        ",2021-09-27T13:51:00.969000+00:00,56.86433372431125,4.832728348549273,stekel_rog,0.15180823,1
AXwnhmRCysyE-813eyo2,"
          ander
        ",2021-09-27T13:50:27.537000+00:00,54.72526217745839,2.1127671112382163,blonde_rog,0.3748108,1
AXwnhmRCysyE-813eyo2,"
          ander
        ",2021-09-27T13:50:27.537000+00:00,54.934471644967424,0.25705168430651804,kleinoog_rog,0.2846588,1
AXwnhmRCysyE-813eyo2,"
          ander
        ",2021-09-27T13:50:27.537000+00:00,54.54178984928112,4.183053242224684,stekel_rog,0.15180823,1
AXwnhmRCysyE-813eyo1,"
          ander
        ",2021-09-27T13:50:19.428000+00:00,54.94214281448711,1.055737360289989,blonde_rog,0.3748108,1
AXwnhmRCysyE-813eyo1,"
          ander
        ",2021-09-27T13:50:19.428000+00:00,56.72523008840897,4.513548111430989,kleinoog_rog,0.2846588,1
AXwnhmRCysyE-813eyo1,"
          ander
        ",2021-09-27T13:50:19.428000+00:00,55.65212392930334,5.433464786457638,stekel_rog,0.15180823,1
AXwnhmPeysyE-813eyox,"
          ander
        ",2021-09-27T13:49:18.023000+00:00,55.712180123186755,4.438106243350803,blonde_rog,0.3748108,1
AXwnhmPeysyE-813eyox,"
          ander
        ",2021-09-27T13:49:18.023000+00:00,55.56144415511584,6.600171370406047,kleinoog_rog,0.2846588,1
AXwnhmPeysyE-813eyox,"
          ander
        ",2021-09-27T13:49:18.023000+00:00,54.20014308376343,6.21799652132814,stekel_rog,0.15180823,1
AXteyiaAlwGzSXZMojSG,"
          wetenschapper
        ",2021-08-19T14:21:42.264000+00:00,55.262870567605525,5.515314312949686,stekel_rog,0.69824386,1
AXteyiaAlwGzSXZMojSG,"
          wetenschapper
        ",2021-08-19T14:21:42.264000+00:00,55.15275176414451,1.2412185098402815,blonde_rog,0.29456097,1
AXteyiaAlwGzSXZMojSF,"
          wetenschapper
        ",2021-08-19T14:21:14.133000+00:00,56.03425207905649,0.8722907779562635,stekel_rog,0.69824386,1
AXteyiaAlwGzSXZMojSF,"
          wetenschapper
        ",2021-08-19T14:21:14.133000+00:00,56.56491654171763,3.609953256042295,blonde_rog,0.29456097,1
AXteyiZ5lwGzSXZMojSD,"
          wetenschapper
        ",2021-08-19T14:20:55.454000+00:00,56.88394815397119,2.9472036833328623,,,0
AXteyiZ-lwGzSXZMojSE,"
          wetenschapper
        ",2021-08-19T14:20:49.076000+00:00,55.045524136660234,6.5526326988399175,,,0
AXteyiZ4lwGzSXZMojSC,"
          wetenschapper
        ",2021-08-19T14:20:37.827000+00:00,54.735807526976686,5.69140303263826,,,0
AXoMkAYyP0r_kDBnXzvw,"
          recreatieve visser
        ",2021-06-14T22:05:01.283000+00:00,54.579823935657004,3.6585256776732047,gevlekte_rog,0.48349264,1
AXoMkAYyP0r_kDBnXzvw,"
          recreatieve visser
        ",2021-06-14T22:05:01.283000+00:00,55.157519439942554,6.349823864322163,stekel_rog,0.24326119,1
AXoMkAYyP0r_kDBnXzvw,"
          recreatieve visser
        ",2021-06-14T22:05:01.283000+00:00,56.93418455241024,3.870432950027875,blonde_rog,0.18671176,1
AXoMjWk4P0r_kDBnXx8r,"
          recreatieve visser
        ",2021-06-14T22:03:15.401000+00:00,55.908247766387184,4.70927225115328,,,0
AXwOAEG7ysyE-8130BBJ,"
          wetenschapper
        ",2021-06-13T19:20:04.238000+00:00,55.22277545388934,6.990848753649674,kleinoog_rog,0.6247945427894592,1
AXwOAEG7ysyE-8130BBJ,"
          wetenschapper
        ",2021-06-13T19:20:04.238000+00:00,56.398321789200054,5.9845419891215235,stekel_rog,0.35864144563674927,1
AXwOAEBmysyE-8130A_J,"
          wetenschapper
        ",2021-06-09T11:58:37.770000+00:00,55.39130341268432,3.528218070129326,kleinoog_rog,0.821180522441864,1
AXwOAEBmysyE-8130A_J,"
          wetenschapper
        ",2021-06-09T11:58:37.770000+00:00,56.17325293582398,2.3741383673418603,stekel_rog,0.11239256709814072,1
AXwOAEB1ysyE-8130A_K,"
          wetenschapper
        ",2021-06-09T11:58:35.164000+00:00,54.91153713687594,0.04167645351679905,golf_rog,0.6367419958114624,1
AXwOAEB1ysyE-8130A_K,"
          wetenschapper
        ",2021-06-09T11:58:35.164000+00:00,55.51290357670387,2.2256433944098166,stekel_rog,0.33237871527671814,1
AXwOAEBbysyE-8130A_I,"
          wetenschapper
        ",2021-06-09T11:58:27.661000+00:00,54.82114769666943,5.458856138943872,kleinoog_rog,0.821180522441864,1
AXwOAEBbysyE-8130A_I,"
          wetenschapper
        ",2021-06-09T11:58:27.661000+00:00,56.55892209190278,2.033151844562668,stekel_rog,0.11239256709814072,1
AXnR7EY2hnw4edKTL2VB,"
          recreatieve visser
        ",2021-06-03T12:48:09.486000+00:00,55.52027923534106,3.2115251315638953,,,0
AXnR-pvEhnw4edKTMU1B,"
          wetenschapper
        ",2021-06-03T09:24:20.758000+00:00,56.62008589046115,0.8325471970505275,blonde_rog,0.6496155858039856,1
AXnR-pvEhnw4edKTMU1B,"
          wetenschapper
        ",2021-06-03T09:24:20.758000+00:00,56.267390722191294,0.3064366629434284,stekel_rog,0.32958468794822693,1
AXnR-punhnw4edKTMU0_,"
          wetenschapper
        ",2021-06-03T09:23:49.417000+00:00,56.55123293697593,0.9287109972612881,stekel_rog,0.5132622718811035,1
AXnR-punhnw4edKTMU0_,"
          wetenschapper
        ",2021-06-03T09:23:49.417000+00:00,55.54994669584407,4.944283215487056,golf_rog,0.3671915829181671,1
AXnR-punhnw4edKTMU0_,"
          wetenschapper
        ",2021-06-03T09:23:49.417000+00:00,56.378548714099296,1.134454460948528,kleinoog_rog,0.11691059172153473,1
AXnR-puKP0r_kDBn6Pjz,"
          wetenschapper
        ",2021-06-03T09:23:32.253000+00:00,55.34542892596351,4.206946332766327,,,0
AXnR-pvChnw4edKTMU1A,"
          wetenschapper
        ",2021-06-03T09:22:20.954000+00:00,55.730062322813566,6.002192520207798,golf_rog,0.6577946543693542,1
AXnR-pvChnw4edKTMU1A,"
          wetenschapper
        ",2021-06-03T09:22:20.954000+00:00,55.53601987455681,2.0698183696614314,others,0.12136805057525635,1
AXnR-pvChnw4edKTMU1A,"
          wetenschapper
        ",2021-06-03T09:22:20.954000+00:00,54.7118623627914,0.37201499304938923,gevlekte_rog,0.10288447141647339,1
AXnR-puaP0r_kDBn6Pj0,"
          wetenschapper
        ",2021-06-03T09:21:58.765000+00:00,56.07475874456889,3.9839874755606464,,,0
AXnR-pvohnw4edKTMU2t,"
          wetenschapper
        ",2021-06-03T09:20:04.763000+00:00,55.87341368291871,2.747736730894487,kleinoog_rog,0.6247945427894592,1
AXnR-pvohnw4edKTMU2t,"
          wetenschapper
        ",2021-06-03T09:20:04.763000+00:00,54.753310058409006,3.9677169240524157,stekel_rog,0.35864144563674927,1
AXnR-pvpP0r_kDBn6Pj1,"
          wetenschapper
        ",2021-06-03T09:19:43.908000+00:00,56.74700252445242,1.6629020547126432,,,0
AXnR-pt7hnw4edKTMU0-,"
          wetenschapper
        ",2021-06-02T19:06:56.506000+00:00,56.38915756886399,3.680739093759637,,,0
AXnGv8ZYhnw4edKTLt_X,"
          Ander
        ",2021-06-01T08:45:16.769000+00:00,54.213537965297306,5.565866199886088,blonde_rog,0.5489845275878906,1
AXnGv8ZYhnw4edKTLt_X,"
          Ander
        ",2021-06-01T08:45:16.769000+00:00,55.54887137033104,5.661728104083234,stekel_rog,0.19584806263446808,1
AXnGv8ZYhnw4edKTLt_X,"
          Ander
        ",2021-06-01T08:45:16.769000+00:00,54.79391286085356,5.312298185140977,gevlekte_rog,0.10640676319599152,1
AXnGv8ZZhnw4edKTLt_Y,"
          Ander
        ",2021-06-01T08:45:10.502000+00:00,54.297422154200376,4.474288008942753,grootoog_rog,0.780616819858551,1
AXnGv8ZZhnw4edKTLt_Y,"
          Ander
        ",2021-06-01T08:45:10.502000+00:00,55.586451399538994,6.7764514724100575,gevlekte_rog,0.21262654662132263,1
AXnrajewhnw4edKT_AQY,,2021-05-28T11:31:30.292000+00:00,54.195594091541665,2.132658771809216,gevlekte_rog,0.8589009,1
AXnrajewhnw4edKT_AQY,,2021-05-28T11:31:30.292000+00:00,56.80475241046264,5.660409674591263,stekel_rog,0.113151595,1
AXnravEuP0r_kDBnthls,,2021-05-28T11:31:30.292000+00:00,56.42792586341348,0.8411303727768323,gevlekte_rog,0.8589009,1
AXnravEuP0r_kDBnthls,,2021-05-28T11:31:30.292000+00:00,54.146164788681176,5.406978521774196,stekel_rog,0.113151595,1
AXnrajexhnw4edKT_AQb,,2021-05-26T23:43:35.306000+00:00,56.830664725353884,6.826492781472094,,,0
AXnravEvFS_ZKoCYvK7E,,2021-05-26T23:43:35.306000+00:00,54.2259136272125,2.951958737533929,,,0
AXnrajewFS_ZKoCYvIrg,,2021-05-26T23:43:23.884000+00:00,55.06980929019138,2.656433785917463,,,0
AXnravGUhnw4edKT_CkZ,,2021-05-26T23:43:23.884000+00:00,54.37118497966875,5.6729122628656805,,,0
AXnrajexhnw4edKT_AQa,,2021-05-26T23:43:06.524000+00:00,54.728271230174855,1.9214849440169466,gevlekte_rog,0.5361994,1
AXnrajexhnw4edKT_AQa,,2021-05-26T23:43:06.524000+00:00,55.605873044900854,0.5582079917891625,stekel_rog,0.46197408,1
AXnravEpFS_ZKoCYvK7C,,2021-05-26T23:43:06.524000+00:00,55.741963924451255,4.257826830256836,gevlekte_rog,0.5361994,1
AXnravEpFS_ZKoCYvK7C,,2021-05-26T23:43:06.524000+00:00,55.97151813907372,3.0353018766053803,stekel_rog,0.46197408,1
AXnrajevhnw4edKT_AQW,,2021-05-26T23:42:45.839000+00:00,54.079243155463395,2.583269784560922,stekel_rog,0.77724487,1
AXnrajevhnw4edKT_AQW,,2021-05-26T23:42:45.839000+00:00,54.95724834348017,0.34016666295000486,gevlekte_rog,0.19554292,1
AXnravEsFS_ZKoCYvK7D,,2021-05-26T23:42:45.839000+00:00,54.530813882679766,3.503105845382185,stekel_rog,0.77724487,1
AXnravEsFS_ZKoCYvK7D,,2021-05-26T23:42:45.839000+00:00,56.58024053481019,5.471346869121643,gevlekte_rog,0.19554292,1
AXnrajexhnw4edKT_AQZ,,2021-05-26T23:42:36.082000+00:00,55.14477734439919,2.809652025754889,,,0
AXnravH1FS_ZKoCYvK7H,,2021-05-26T23:42:36.082000+00:00,54.65735979885125,0.38167258968200757,,,0
AXnrajevhnw4edKT_AQV,,2021-05-26T23:42:20.557000+00:00,56.80116150363447,3.3866683750994238,,,0
AXnravGZP0r_kDBnthlx,,2021-05-26T23:42:20.557000+00:00,56.336324780776,5.739855301011781,,,0
AXnravGTP0r_kDBnthlu,,2021-05-26T23:42:04.146000+00:00,56.02540560793185,6.364254645665152,,,0
AXnrajenhnw4edKT_AQS,,2021-05-26T23:41:44.605000+00:00,56.777854134761284,4.444071482120002,,,0
AXnravJVFS_ZKoCYvK7M,,2021-05-26T23:41:44.605000+00:00,54.70153731297821,0.21373129576983907,,,0
AXnrajewhnw4edKT_AQX,,2021-05-26T23:41:30.715000+00:00,55.03849020296841,4.213423792027767,,,0
AXnravJfFS_ZKoCYvK7N,,2021-05-26T23:41:30.715000+00:00,54.08517870385372,3.9148168078479695,,,0
AXnrajephnw4edKT_AQT,,2021-05-26T23:41:10.214000+00:00,56.5504940977455,3.6221262748620964,,,0
AXnravGTP0r_kDBnthlv,,2021-05-26T23:41:10.214000+00:00,55.93936698802539,2.6515321505778977,,,0
AXnrajerFS_ZKoCYvIrf,,2021-05-26T23:40:53.394000+00:00,56.803507263608324,1.7694542252125292,blonde_rog,0.49995667,1
AXnrajerFS_ZKoCYvIrf,,2021-05-26T23:40:53.394000+00:00,56.46336060161921,2.927528583545387,gevlekte_rog,0.49683556,1
AXnravGVP0r_kDBnthlw,,2021-05-26T23:40:53.394000+00:00,54.26277460731774,1.2592998925924654,blonde_rog,0.49995667,1
AXnravGVP0r_kDBnthlw,,2021-05-26T23:40:53.394000+00:00,56.35371631525658,0.006030445403599649,gevlekte_rog,0.49683556,1
AXnrajejhnw4edKT_AQP,,2021-05-26T23:40:35.494000+00:00,55.73878364933442,0.5990029810288681,,,0
AXnravH3FS_ZKoCYvK7I,,2021-05-26T23:40:35.494000+00:00,54.15825824951408,3.947546253487339,,,0
AXnrajejhnw4edKT_AQQ,,2021-05-26T23:40:21.603000+00:00,54.39574326755531,0.710418880234183,,,0
AXnravHzP0r_kDBnthl0,,2021-05-26T23:40:21.603000+00:00,54.15893695963827,2.2771545377698668,,,0
AXnrajeehnw4edKT_AQL,,2021-05-26T23:40:06.961000+00:00,56.43657906211413,2.0607964249337085,blonde_rog,0.600477,1
AXnrajeehnw4edKT_AQL,,2021-05-26T23:40:06.961000+00:00,55.05242412201002,6.3250331524181185,kleinoog_rog,0.18026932,1
AXnrajeehnw4edKT_AQL,,2021-05-26T23:40:06.961000+00:00,56.24037781152352,3.8618054389082075,gevlekte_rog,0.16419677,1
AXnravH2P0r_kDBnthl1,,2021-05-26T23:40:06.961000+00:00,55.91773341710906,0.5861639641805856,blonde_rog,0.600477,1
AXnravH2P0r_kDBnthl1,,2021-05-26T23:40:06.961000+00:00,55.68866952660899,4.524613385806406,kleinoog_rog,0.18026932,1
AXnravH2P0r_kDBnthl1,,2021-05-26T23:40:06.961000+00:00,56.95755058864346,1.6303731250986317,gevlekte_rog,0.16419677,1
AXnrajeehnw4edKT_AQM,,2021-05-26T14:35:43.922000+00:00,56.68843705239398,2.1553740423122396,,,0
AXnravH7FS_ZKoCYvK7J,,2021-05-26T14:35:43.922000+00:00,56.07877065052328,1.7573518827294823,,,0
AXnrajemhnw4edKT_AQR,,2021-05-26T14:35:32.831000+00:00,54.05214799078323,2.6153689361807775,,,0
AXnravJXP0r_kDBnthl4,,2021-05-26T14:35:32.831000+00:00,56.5002341838019,1.1968537149132135,,,0
AXnrajdHhnw4edKT_AP7,,2021-05-26T14:35:11.265000+00:00,55.53852019989954,4.349684780479498,,,0
AXnravH5P0r_kDBnthl2,,2021-05-26T14:35:11.265000+00:00,55.55851690695057,3.5346907188242707,,,0
AXnrajdHhnw4edKT_AP6,,2021-05-26T14:34:20.741000+00:00,55.1564705115308,0.499328231217695,,,0
AXnravJbP0r_kDBnthl5,,2021-05-26T14:34:20.741000+00:00,55.46933453787967,0.44582354190498497,,,0
AXnrajdEFS_ZKoCYvIrb,,2021-05-26T14:34:05.350000+00:00,56.82448704572102,3.9632981797046725,,,0
AXnravJbP0r_kDBnthl6,,2021-05-26T14:34:05.350000+00:00,54.57351444327588,3.1303841112217055,,,0
AXnrajdEhnw4edKT_AP4,,2021-05-26T14:33:47.572000+00:00,55.34729083463158,3.3627500364646656,gevlekte_rog,0.88807684,1
AXnrajdEhnw4edKT_AP4,,2021-05-26T14:33:47.572000+00:00,55.48345211804888,5.453160064789881,blonde_rog,0.10641155,1
AXnravK_P0r_kDBnthl_,,2021-05-26T14:33:47.572000+00:00,54.601123085856564,1.0990606156483338,gevlekte_rog,0.88807684,1
AXnravK_P0r_kDBnthl_,,2021-05-26T14:33:47.572000+00:00,55.39890354484399,4.558610736323852,blonde_rog,0.10641155,1
AXnrajdEhnw4edKT_AP3,,2021-05-26T14:33:29.186000+00:00,54.16706817890484,3.390567470481389,,,0
AXnravK7FS_ZKoCYvK9L,,2021-05-26T14:33:29.186000+00:00,55.31519745758122,5.4340301967657085,,,0
AXnrajdEhnw4edKT_AP2,,2021-05-26T14:33:04.302000+00:00,55.97944375575031,0.39403994806652676,,,0
AXnravK8P0r_kDBnthl-,,2021-05-26T14:33:04.302000+00:00,56.507037131012126,6.825487657273429,,,0
AXnrajeehnw4edKT_AQN,,2021-05-26T14:32:44.675000+00:00,54.41917878377484,3.3578795964822254,,,0
AXnravK9hnw4edKT_CmP,,2021-05-26T14:32:44.675000+00:00,55.57241906140624,1.6274897102926738,,,0
AXnrajeghnw4edKT_AQO,,2021-05-26T14:32:13.075000+00:00,56.74949842310824,0.48009931533759653,,,0
AXnravK_FS_ZKoCYvK9M,,2021-05-26T14:32:13.075000+00:00,55.82505897768527,3.8426234948310167,,,0
AXnrajdFhnw4edKT_AP5,,2021-05-26T14:32:00.810000+00:00,56.36691018175398,6.288258241255535,,,0
AXnravK_P0r_kDBnthmA,,2021-05-26T14:32:00.810000+00:00,54.7591423880754,6.11021153638001,,,0
AXnrajdEhnw4edKT_AP1,,2021-05-26T14:31:43.386000+00:00,55.84088165667945,0.10021148834237559,,,0
AXnravMhP0r_kDBnthmC,,2021-05-26T14:31:43.386000+00:00,54.568642268792516,3.742996155901835,,,0
AXnrajc7hnw4edKT_APw,,2021-05-26T14:31:24.461000+00:00,56.12820876677219,3.449268015911419,kleinoog_rog,0.79333985,1
AXnrajc7hnw4edKT_APw,,2021-05-26T14:31:24.461000+00:00,56.36844896762312,2.4512383987447164,blonde_rog,0.19619302,1
AXnravOCP0r_kDBnthmG,,2021-05-26T14:31:24.461000+00:00,56.081332100589066,3.926732261732653,kleinoog_rog,0.79333985,1
AXnravOCP0r_kDBnthmG,,2021-05-26T14:31:24.461000+00:00,55.81696141219206,4.757618637576783,blonde_rog,0.19619302,1
AXnrajdGFS_ZKoCYvIrc,,2021-05-26T14:31:04.815000+00:00,55.900421209210116,0.49207905534009844,,,0
AXnravMhP0r_kDBnthmD,,2021-05-26T14:31:04.815000+00:00,54.51725866084692,0.7931192873340328,,,0
AXnrajc_hnw4edKT_APy,,2021-05-26T14:30:50.625000+00:00,54.33507580021142,6.060132962675118,,,0
AXnravOIP0r_kDBnthmH,,2021-05-26T14:30:50.625000+00:00,54.633213955635256,4.559232073108632,,,0
AXnrajc_hnw4edKT_APz,,2021-05-26T14:30:33.017000+00:00,55.38405677633794,3.7996584774902433,,,0
AXnravOCP0r_kDBnthmF,,2021-05-26T14:30:33.017000+00:00,55.87823999939759,1.882008130949239,,,0
AXnrajc8hnw4edKT_APx,,2021-05-25T20:56:29.436000+00:00,54.68630426878656,2.128494219588477,,,0
AXnravHzFS_ZKoCYvK7G,,2021-05-25T20:56:29.436000+00:00,56.5708176986415,3.4131916083138387,,,0
AXnrajbyhnw4edKT_APv,,2021-05-25T20:55:56.052000+00:00,56.89531952953165,4.836974188536859,stekel_rog,0.62641895,1
AXnrajbyhnw4edKT_APv,,2021-05-25T20:55:56.052000+00:00,55.56272769282252,3.6938079252208063,gevlekte_rog,0.34178194,1
AXnravBhP0r_kDBnthlW,,2021-05-25T20:55:56.052000+00:00,54.26304129816435,5.999112584680398,stekel_rog,0.62641895,1
AXnravBhP0r_kDBnthlW,,2021-05-25T20:55:56.052000+00:00,54.412971501985666,5.381558011652512,gevlekte_rog,0.34178194,1
AXnrajbxFS_ZKoCYvIrZ,,2021-05-25T20:55:30.198000+00:00,55.911987105095506,6.6365601192028265,,,0
AXnravBkFS_ZKoCYvK6-,,2021-05-25T20:55:30.198000+00:00,56.68281071053507,3.8018835888264535,,,0
AXnrajbdhnw4edKT_APt,,2021-05-25T20:54:55.771000+00:00,54.30651634559791,3.1406276714080974,gevlekte_rog,0.6771823,1
AXnrajbdhnw4edKT_APt,,2021-05-25T20:54:55.771000+00:00,55.74146098614003,0.6382828068383116,stekel_rog,0.21942255,1
AXnrajbdhnw4edKT_APt,,2021-05-25T20:54:55.771000+00:00,55.12689811612039,2.1610001798595415,blonde_rog,0.10120869,1
AXnravH1hnw4edKT_Cld,,2021-05-25T20:54:55.771000+00:00,55.55872281965523,0.39455895115450956,gevlekte_rog,0.6771823,1
AXnravH1hnw4edKT_Cld,,2021-05-25T20:54:55.771000+00:00,55.519850935696915,2.953789283241206,stekel_rog,0.21942255,1
AXnravH1hnw4edKT_Cld,,2021-05-25T20:54:55.771000+00:00,56.12041849924059,0.8295482768386772,blonde_rog,0.10120869,1
AXnrajdAhnw4edKT_AP0,,2021-05-25T20:54:30.252000+00:00,56.420297503352394,6.295772239675705,gevlekte_rog,0.36547682,1
AXnrajdAhnw4edKT_AP0,,2021-05-25T20:54:30.252000+00:00,56.531346923793805,1.0826640871018962,kleinoog_rog,0.3539828,1
AXnrajdAhnw4edKT_AP0,,2021-05-25T20:54:30.252000+00:00,56.151736879340326,0.2612445982552247,stekel_rog,0.18783952,1
AXnravGVhnw4edKT_Cka,,2021-05-25T20:54:30.252000+00:00,56.112587592270934,0.23137608140968702,gevlekte_rog,0.36547682,1
AXnravGVhnw4edKT_Cka,,2021-05-25T20:54:30.252000+00:00,54.16574645169377,4.047838759024935,kleinoog_rog,0.3539828,1
AXnravGVhnw4edKT_Cka,,2021-05-25T20:54:30.252000+00:00,56.95561774502273,1.1381544241784347,stekel_rog,0.18783952,1
AXnrajbxhnw4edKT_APu,,2021-05-25T20:54:08.321000+00:00,54.42391478936011,3.5008578698210804,,,0
AXnravBnP0r_kDBnthlX,,2021-05-25T20:54:08.321000+00:00,54.312566074501746,1.144581650056511,,,0
AXnrajbdhnw4edKT_APs,,2021-05-25T20:53:46.186000+00:00,54.12910138365794,3.28736302257854,gevlekte_rog,0.59943736,1
AXnrajbdhnw4edKT_APs,,2021-05-25T20:53:46.186000+00:00,55.13186598575193,4.631113874889573,stekel_rog,0.36984473,1
AXnravZMFS_ZKoCYvLAa,,2021-05-25T20:53:46.186000+00:00,55.247637970288395,6.658202032983825,gevlekte_rog,0.59943736,1
AXnravZMFS_ZKoCYvLAa,,2021-05-25T20:53:46.186000+00:00,56.877573041376195,5.173327916923544,stekel_rog,0.36984473,1
AXnrajTkFS_ZKoCYvIrM,,2021-05-25T20:53:16.114000+00:00,55.939271413150955,0.19444693429381754,gevlekte_rog,0.42302006,1
AXnrajTkFS_ZKoCYvIrM,,2021-05-25T20:53:16.114000+00:00,55.32997620435108,6.011551482938925,kleinoog_rog,0.35015324,1
AXnrajTkFS_ZKoCYvIrM,,2021-05-25T20:53:16.114000+00:00,54.55150008902479,1.9988193536924745,blonde_rog,0.22182663,1
AXnravZNFS_ZKoCYvLAc,,2021-05-25T20:53:16.114000+00:00,54.35178195236702,3.6900576598829495,gevlekte_rog,0.42302006,1
AXnravZNFS_ZKoCYvLAc,,2021-05-25T20:53:16.114000+00:00,56.19905284096488,6.2188273258472995,kleinoog_rog,0.35015324,1
AXnravZNFS_ZKoCYvLAc,,2021-05-25T20:53:16.114000+00:00,55.2148633664126,3.8709335166510814,blonde_rog,0.22182663,1
AXnrajbZhnw4edKT_APr,,2021-05-25T20:53:02.770000+00:00,56.06791026858934,5.048673375150586,,,0
AXnravUahnw4edKT_CnA,,2021-05-25T20:53:02.770000+00:00,54.84858181726017,2.7467447971962207,,,0
AXnrajSDFS_ZKoCYvIrH,,2021-05-25T13:58:39.418000+00:00,56.305950852578405,1.37690767011631,,,0
AXnravXfP0r_kDBnthn8,,2021-05-25T13:58:39.418000+00:00,56.53883259789149,1.8006843725417736,,,0
AXnrajaCFS_ZKoCYvIrV,,2021-05-25T13:58:27.651000+00:00,55.5760407502718,3.5917779217119614,,,0
AXnravUTFS_ZKoCYvK_4,,2021-05-25T13:58:27.651000+00:00,56.33726121222014,6.437138307586775,,,0
AXnrajaHhnw4edKT_APo,,2021-05-25T13:58:04.905000+00:00,55.15149764586112,3.8593313046120783,kleinoog_rog,0.4606401,1
AXnrajaHhnw4edKT_APo,,2021-05-25T13:58:04.905000+00:00,56.15529123400016,2.116372208039624,stekel_rog,0.23301832,1
AXnrajaHhnw4edKT_APo,,2021-05-25T13:58:04.905000+00:00,54.79953801713429,0.6235034965364691,blonde_rog,0.17857511,1
AXnravV2hnw4edKT_CnB,,2021-05-25T13:58:04.905000+00:00,54.80711338958943,0.1612198645249684,kleinoog_rog,0.4606401,1
AXnravV2hnw4edKT_CnB,,2021-05-25T13:58:04.905000+00:00,54.9821146916004,3.995667219896979,stekel_rog,0.23301832,1
AXnravV2hnw4edKT_CnB,,2021-05-25T13:58:04.905000+00:00,54.217821065876485,5.050764310639472,blonde_rog,0.17857511,1
AXnrajaChnw4edKT_APl,,2021-05-25T13:57:47.017000+00:00,55.738381235723004,6.638595129534455,,,0
AXnravZGFS_ZKoCYvLAY,,2021-05-25T13:57:47.017000+00:00,54.56036657340688,3.8411952410777834,,,0
AXnrajSDFS_ZKoCYvIrG,,2021-05-25T06:56:17.005000+00:00,54.85396522667171,0.0356443292481754,blonde_rog,0.67333984,1
AXnrajSDFS_ZKoCYvIrG,,2021-05-25T06:56:17.005000+00:00,56.534454514696606,1.8318820659209423,stekel_rog,0.2274395,1
AXnravZAP0r_kDBnthn_,,2021-05-25T06:56:17.005000+00:00,54.11880455147249,3.0914382615234977,blonde_rog,0.67333984,1
AXnravZAP0r_kDBnthn_,,2021-05-25T06:56:17.005000+00:00,55.669128189783194,2.6362410466927786,stekel_rog,0.2274395,1
AXnrajaChnw4edKT_APm,,2021-05-25T06:55:55.699000+00:00,54.98666648172812,2.340925521991812,,,0
AXnravZKP0r_kDBnthoB,,2021-05-25T06:55:55.699000+00:00,56.94016060623678,3.564135370016806,,,0
AXnrajZ-FS_ZKoCYvIrU,,2021-05-25T06:55:37.093000+00:00,55.19984176696494,1.9640175110648204,,,0
AXnravZMFS_ZKoCYvLAb,,2021-05-25T06:55:37.093000+00:00,54.56626435698826,5.876618552339625,,,0
AXnrajSCFS_ZKoCYvIrF,,2021-05-25T06:55:22.352000+00:00,55.342344177444886,3.3655416028191,stekel_rog,0.5756459,1
AXnrajSCFS_ZKoCYvIrF,,2021-05-25T06:55:22.352000+00:00,56.80862375544434,3.3584389715421175,blonde_rog,0.35716268,1
AXnravXcFS_ZKoCYvLAR,,2021-05-25T06:55:22.352000+00:00,56.12203031964998,2.972711148083546,stekel_rog,0.5756459,1
AXnravXcFS_ZKoCYvLAR,,2021-05-25T06:55:22.352000+00:00,55.21974801019161,1.5900671910659105,blonde_rog,0.35716268,1
AXnrajTjFS_ZKoCYvIrL,,2021-05-25T06:54:59.649000+00:00,55.2759553744705,1.3882960060198004,,,0
AXnravY_P0r_kDBnthn-,,2021-05-25T06:54:59.649000+00:00,56.291642827903644,0.6506171642120409,,,0
AXnrajaEhnw4edKT_APn,,2021-05-25T06:54:46.323000+00:00,56.158763834077405,1.9377033992427728,kleinoog_rog,0.5019053,1
AXnrajaEhnw4edKT_APn,,2021-05-25T06:54:46.323000+00:00,56.34313457924787,3.963456000019367,gevlekte_rog,0.36081567,1
AXnrajaEhnw4edKT_APn,,2021-05-25T06:54:46.323000+00:00,56.34380281293058,5.586490832783053,blonde_rog,0.13232571,1
AXnravZMFS_ZKoCYvLAZ,,2021-05-25T06:54:46.323000+00:00,56.87769898529803,1.039236644186862,kleinoog_rog,0.5019053,1
AXnravZMFS_ZKoCYvLAZ,,2021-05-25T06:54:46.323000+00:00,56.42014892226092,1.0281037485708624,gevlekte_rog,0.36081567,1
AXnravZMFS_ZKoCYvLAZ,,2021-05-25T06:54:46.323000+00:00,55.63459988696838,3.8859793328493204,blonde_rog,0.13232571,1
AXnrajTlFS_ZKoCYvIrN,,2021-05-25T06:54:37.311000+00:00,55.50208583888178,4.146775461163747,gevlekte_rog,0.6648034,1
AXnrajTlFS_ZKoCYvIrN,,2021-05-25T06:54:37.311000+00:00,56.54990057044395,5.9799007932672374,kleinoog_rog,0.24940744,1
AXnravXdFS_ZKoCYvLAS,,2021-05-25T06:54:37.311000+00:00,55.019976675438244,0.8412199517083758,gevlekte_rog,0.6648034,1
AXnravXdFS_ZKoCYvLAS,,2021-05-25T06:54:37.311000+00:00,55.577175012727565,0.47398640443325235,kleinoog_rog,0.24940744,1
AXnrajQcP0r_kDBntfQs,,2021-05-25T06:54:10.601000+00:00,54.52476082802983,4.413010426546686,stekel_rog,0.45810875,1
AXnrajQcP0r_kDBntfQs,,2021-05-25T06:54:10.601000+00:00,55.64549963075935,2.025747940340497,kleinoog_rog,0.43815434,1
AXnravXbP0r_kDBnthn7,,2021-05-25T06:54:10.601000+00:00,56.73253289227681,4.119231313787942,stekel_rog,0.45810875,1
AXnravXbP0r_kDBnthn7,,2021-05-25T06:54:10.601000+00:00,54.76718897084307,3.6134083325683517,kleinoog_rog,0.43815434,1
AXnrajYahnw4edKT_APg,,2021-05-25T06:53:51.399000+00:00,55.221612245669604,6.61568620952108,,,0
AXnravXeFS_ZKoCYvLAT,,2021-05-25T06:53:51.399000+00:00,54.54781211225579,5.884386289598179,,,0
AXnrajYZFS_ZKoCYvIrS,,2021-05-25T06:53:30.367000+00:00,56.05897891819863,6.483579725886827,,,0
AXnravUaFS_ZKoCYvK_5,,2021-05-25T06:53:30.367000+00:00,56.37554958792447,1.3007969552454632,,,0
AXnrajIwP0r_kDBntfPp,,2021-05-25T06:53:07.226000+00:00,54.25219116914128,0.02243314087725723,,,0
AXnravV3FS_ZKoCYvLAQ,,2021-05-25T06:53:07.226000+00:00,56.329790525829544,1.918490508451014,,,0
AXnrajYchnw4edKT_APi,,2021-05-25T06:52:47.140000+00:00,56.01204209937441,2.9504851353035715,blonde_rog,0.843507,1
AXnrajYchnw4edKT_APi,,2021-05-25T06:52:47.140000+00:00,54.57349105234987,3.503002859223642,gevlekte_rog,0.15630834,1
AXnravRXFS_ZKoCYvK_s,,2021-05-25T06:52:47.140000+00:00,56.07520119092659,4.42399580700312,blonde_rog,0.843507,1
AXnravRXFS_ZKoCYvK_s,,2021-05-25T06:52:47.140000+00:00,55.8773111976989,0.7874937915695974,gevlekte_rog,0.15630834,1
AXnrajIuP0r_kDBntfPn,,2021-05-25T06:52:21.823000+00:00,55.64427081804706,5.169480576932116,gevlekte_rog,0.47044277,1
AXnrajIuP0r_kDBntfPn,,2021-05-25T06:52:21.823000+00:00,54.41823494108446,0.396958017609814,stekel_rog,0.4668145,1
AXnravZFP0r_kDBnthoA,,2021-05-25T06:52:21.823000+00:00,54.198260821860586,1.8265135955437717,gevlekte_rog,0.47044277,1
AXnravZFP0r_kDBnthoA,,2021-05-25T06:52:21.823000+00:00,54.241019131605945,0.876092970905084,stekel_rog,0.4668145,1
AXnrajTkP0r_kDBntfQ0,,2021-05-25T06:52:01.608000+00:00,54.362734180818705,0.4847164916799733,gevlekte_rog,0.43177676,1
AXnrajTkP0r_kDBntfQ0,,2021-05-25T06:52:01.608000+00:00,55.63805827863973,0.9264614251990275,stekel_rog,0.34689447,1
AXnrajTkP0r_kDBntfQ0,,2021-05-25T06:52:01.608000+00:00,55.959631418525625,2.2660861574883175,golf_rog,0.18739052,1
AXnravRSFS_ZKoCYvK_r,,2021-05-25T06:52:01.608000+00:00,54.36116994742253,4.327275058776598,gevlekte_rog,0.43177676,1
AXnravRSFS_ZKoCYvK_r,,2021-05-25T06:52:01.608000+00:00,56.8054969940001,5.01747910154628,stekel_rog,0.34689447,1
AXnravRSFS_ZKoCYvK_r,,2021-05-25T06:52:01.608000+00:00,54.96216902715592,3.0037413648882603,golf_rog,0.18739052,1
AXnrajNaP0r_kDBntfQQ,,2021-05-25T06:51:41.325000+00:00,54.535088675674615,1.4041155404416774,stekel_rog,0.5776434,1
AXnrajNaP0r_kDBntfQQ,,2021-05-25T06:51:41.325000+00:00,56.88091759312585,2.548775679968344,gevlekte_rog,0.21170099,1
AXnrajNaP0r_kDBntfQQ,,2021-05-25T06:51:41.325000+00:00,56.34337603609923,4.201616989077798,blonde_rog,0.20895924,1
AXnrau-iFS_ZKoCYvK5U,,2021-05-25T06:51:41.325000+00:00,56.61715365837489,0.6998227549470474,stekel_rog,0.5776434,1
AXnrau-iFS_ZKoCYvK5U,,2021-05-25T06:51:41.325000+00:00,55.101736971297626,6.441783542240751,gevlekte_rog,0.21170099,1
AXnrau-iFS_ZKoCYvK5U,,2021-05-25T06:51:41.325000+00:00,55.38944901255018,0.025116090111291678,blonde_rog,0.20895924,1
AXnrajYahnw4edKT_APh,,2021-05-25T06:51:13.218000+00:00,54.68343385922739,4.0983470762687775,stekel_rog,0.5428664,1
AXnrajYahnw4edKT_APh,,2021-05-25T06:51:13.218000+00:00,54.1950302904788,2.211018737589985,blonde_rog,0.23069538,1
AXnrajYahnw4edKT_APh,,2021-05-25T06:51:13.218000+00:00,55.33133335375589,3.2285967976224774,gevlekte_rog,0.22284633,1
AXnrau-hFS_ZKoCYvK5T,,2021-05-25T06:51:13.218000+00:00,54.11457400604985,2.879547890181465,stekel_rog,0.5428664,1
AXnrau-hFS_ZKoCYvK5T,,2021-05-25T06:51:13.218000+00:00,56.007895052832225,5.146172122557682,blonde_rog,0.23069538,1
AXnrau-hFS_ZKoCYvK5T,,2021-05-25T06:51:13.218000+00:00,55.326683468060686,1.5939256937571646,gevlekte_rog,0.22284633,1
AXnrajIwP0r_kDBntfPo,,2021-05-25T06:50:56.505000+00:00,54.68779008074237,2.1732403486819343,,,0
AXnrau-hP0r_kDBnthjU,,2021-05-25T06:50:56.505000+00:00,55.32635107894517,6.594295948828678,,,0
AXnrajYUhnw4edKT_APf,,2021-05-25T06:50:40.505000+00:00,55.12898047060476,1.2532086929970006,,,0
AXnrau-fFS_ZKoCYvK5S,,2021-05-25T06:50:40.505000+00:00,54.866931748351575,1.2737480953219344,,,0
AXnrajNaP0r_kDBntfQP,,2021-05-25T06:50:22.611000+00:00,55.24306738363894,2.549317742707393,,,0
AXnrau-jP0r_kDBnthjV,,2021-05-25T06:50:22.611000+00:00,54.777761648044105,3.9685981159426404,,,0
AXnrajNTP0r_kDBntfQN,,2021-05-25T06:50:06.325000+00:00,54.52203972711719,2.7335858692671477,,,0
AXnrau-dP0r_kDBnthjR,,2021-05-25T06:50:06.325000+00:00,54.75044521998642,3.2910688834967097,,,0
AXnrajYRhnw4edKT_APe,,2021-05-23T13:59:34.758000+00:00,56.69522033643291,6.583635918043584,,,0
AXnrau4IP0r_kDBnthi1,,2021-05-23T13:59:34.758000+00:00,54.64853689832638,2.445213612750542,,,0
AXnrajYQhnw4edKT_APb,,2021-05-23T13:59:12.814000+00:00,56.99275044202745,4.931384519610315,gevlekte_rog,0.8886107,1
AXnrajYQhnw4edKT_APb,,2021-05-23T13:59:12.814000+00:00,54.200528160921856,1.8364696877516484,blonde_rog,0.10612041,1
AXnrau5tP0r_kDBnthi4,,2021-05-23T13:59:12.814000+00:00,54.63409080367579,2.3177660632798265,gevlekte_rog,0.8886107,1
AXnrau5tP0r_kDBnthi4,,2021-05-23T13:59:12.814000+00:00,54.338525182956694,6.711682500352158,blonde_rog,0.10612041,1
AXnrajNYP0r_kDBntfQO,,2021-05-23T13:58:46.025000+00:00,54.496152959155665,6.873472037311206,,,0
AXnrau2kP0r_kDBnthix,,2021-05-23T13:58:46.025000+00:00,55.12540904505715,2.0885879401006875,,,0
AXnrajYRhnw4edKT_APd,,2021-05-23T13:58:19.299000+00:00,54.528922746537944,1.680283833041518,blonde_rog,0.86157405,1
AXnrajYRhnw4edKT_APd,,2021-05-23T13:58:19.299000+00:00,54.970316646888435,6.35498237999931,gevlekte_rog,0.13568996,1
AXnrau4IP0r_kDBnthi0,,2021-05-23T13:58:19.299000+00:00,56.33640969753924,3.3068360954855516,blonde_rog,0.86157405,1
AXnrau4IP0r_kDBnthi0,,2021-05-23T13:58:19.299000+00:00,56.39744239547086,1.3332901071443395,gevlekte_rog,0.13568996,1
AXnrajHFP0r_kDBntfPh,,2021-05-23T13:57:56.195000+00:00,55.884153459117734,2.6453835482426875,,,0
AXnrau-jP0r_kDBnthjW,,2021-05-23T13:57:56.195000+00:00,55.535700020724946,6.693965083797388,,,0
AXnrajHFhnw4edKT_AKE,,2021-05-23T13:57:26.769000+00:00,54.102146667755854,5.138589311135443,kleinoog_rog,0.5001172,1
AXnrajHFhnw4edKT_AKE,,2021-05-23T13:57:26.769000+00:00,56.203304864963805,5.8664278613832845,blonde_rog,0.31620204,1
AXnrajHFhnw4edKT_AKE,,2021-05-23T13:57:26.769000+00:00,55.55267116468876,4.979109735026269,stekel_rog,0.15973239,1
AXnrau2lFS_ZKoCYvK3F,,2021-05-23T13:57:26.769000+00:00,54.04476562242012,3.8217057884322307,kleinoog_rog,0.5001172,1
AXnrau2lFS_ZKoCYvK3F,,2021-05-23T13:57:26.769000+00:00,56.78225414994363,1.0875142168697094,blonde_rog,0.31620204,1
AXnrau2lFS_ZKoCYvK3F,,2021-05-23T13:57:26.769000+00:00,55.31543245646067,0.29074728796002103,stekel_rog,0.15973239,1
AXnrajHDP0r_kDBntfPg,,2021-05-23T13:56:58.016000+00:00,56.709698479461835,3.8562374872505836,,,0
AXnrau4NP0r_kDBnthi2,,2021-05-23T13:56:58.016000+00:00,56.748830922387256,1.3008125561461736,,,0
AXnrajHDP0r_kDBntfPf,,2021-05-23T13:56:34.077000+00:00,54.41031718605939,4.006325957220272,gevlekte_rog,0.6317673,1
AXnrajHDP0r_kDBntfPf,,2021-05-23T13:56:34.077000+00:00,55.48717049187153,4.442943835438612,blonde_rog,0.3661577,1
AXnrau4NP0r_kDBnthi3,,2021-05-23T13:56:34.077000+00:00,56.446208179039274,3.7259819550472586,gevlekte_rog,0.6317673,1
AXnrau4NP0r_kDBnthi3,,2021-05-23T13:56:34.077000+00:00,54.05800440591677,0.021329007408043443,blonde_rog,0.3661577,1
AXnrajVQhnw4edKT_ANy,,2021-05-22T18:22:43.862000+00:00,54.210274948924386,4.150819969079956,,,0
AXnrau-gP0r_kDBnthjT,,2021-05-22T18:22:43.862000+00:00,56.50962610065403,6.914597541188773,,,0
AXnrajL0P0r_kDBntfP0,,2021-05-22T18:22:25.024000+00:00,56.91965035140064,4.9438026959560535,blonde_rog,0.7468167,1
AXnrajL0P0r_kDBntfP0,,2021-05-22T18:22:25.024000+00:00,54.66031244311444,4.734544267047355,kleinoog_rog,0.2017321,1
AXnrau-cFS_ZKoCYvK5Q,,2021-05-22T18:22:25.024000+00:00,55.00468364907065,3.785553658710237,blonde_rog,0.7468167,1
AXnrau-cFS_ZKoCYvK5Q,,2021-05-22T18:22:25.024000+00:00,56.48904288257306,5.497115250270374,kleinoog_rog,0.2017321,1
AXnrajVShnw4edKT_AN2,,2021-05-22T14:04:09.634000+00:00,56.00434230383252,5.213282868847609,gevlekte_rog,0.50610536,1
AXnrajVShnw4edKT_AN2,,2021-05-22T14:04:09.634000+00:00,56.902254310522146,6.139423196748734,blonde_rog,0.48721924,1
AXnrau85hnw4edKT_Civ,,2021-05-22T14:04:09.634000+00:00,55.68516299738653,1.3252133780934257,gevlekte_rog,0.50610536,1
AXnrau85hnw4edKT_Civ,,2021-05-22T14:04:09.634000+00:00,56.40236875852089,0.8745430533645746,blonde_rog,0.48721924,1
AXnrajVShnw4edKT_AN3,,2021-05-22T14:03:53.264000+00:00,54.10575445170535,1.5419089820027747,,,0
AXnrau82hnw4edKT_Cit,,2021-05-22T14:03:53.264000+00:00,55.448979483303106,3.965085905397429,,,0
AXnrajYQhnw4edKT_APc,,2021-05-22T14:03:33.233000+00:00,56.54379324808076,2.7327811929600547,,,0
AXnravABhnw4edKT_Cj0,,2021-05-22T14:03:33.233000+00:00,55.96866888181013,1.829342441469532,,,0
AXnrajNRP0r_kDBntfQJ,,2021-05-22T14:03:13.740000+00:00,55.56120862192818,0.49883459373239836,,,0
AXnrau86hnw4edKT_Ciw,,2021-05-22T14:03:13.740000+00:00,55.34450154999909,3.541404508442903,,,0
AXnrajWxhnw4edKT_AN6,,2021-05-22T14:02:58.614000+00:00,56.39220435358925,5.625349540535999,,,0
AXnrau82hnw4edKT_Ciu,,2021-05-22T14:02:58.614000+00:00,54.50354235100898,2.1359001141160063,,,0
AXnrajYQFS_ZKoCYvIrR,,2021-05-22T14:02:42.176000+00:00,54.719041545301515,5.564848490754384,gevlekte_rog,0.40436596,1
AXnrajYQFS_ZKoCYvIrR,,2021-05-22T14:02:42.176000+00:00,54.57482212763342,3.2579083363607233,stekel_rog,0.29865992,1
AXnrajYQFS_ZKoCYvIrR,,2021-05-22T14:02:42.176000+00:00,54.51682022106628,6.588312438689569,blonde_rog,0.28734982,1
AXnrau7Vhnw4edKT_Cio,,2021-05-22T14:02:42.176000+00:00,55.112820538219374,6.718367842007703,gevlekte_rog,0.40436596,1
AXnrau7Vhnw4edKT_Cio,,2021-05-22T14:02:42.176000+00:00,56.16161277037235,5.051942663569045,stekel_rog,0.29865992,1
AXnrau7Vhnw4edKT_Cio,,2021-05-22T14:02:42.176000+00:00,56.8915510532249,6.794937981772387,blonde_rog,0.28734982,1
AXnrajVKhnw4edKT_ANx,,2021-05-22T14:02:24.095000+00:00,55.66452964464187,1.1535390334800977,,,0
AXnrau7Uhnw4edKT_Cin,,2021-05-22T14:02:24.095000+00:00,55.4668756296851,6.228258669382588,,,0
AXnrajVShnw4edKT_AN1,,2021-05-22T14:01:58.548000+00:00,56.73637484574513,3.4883305081049265,,,0
AXnrau7Shnw4edKT_Cil,,2021-05-22T14:01:58.548000+00:00,54.585846390967205,5.677336914203749,,,0
AXnrajVRhnw4edKT_AN0,,2021-05-22T14:01:43.865000+00:00,56.63809584023053,5.90268879392053,blonde_rog,0.8130512,1
AXnrajVRhnw4edKT_AN0,,2021-05-22T14:01:43.865000+00:00,54.370321197574654,4.791601851699733,stekel_rog,0.18192953,1
AXnrau7Shnw4edKT_Cim,,2021-05-22T14:01:43.865000+00:00,56.74143954280121,6.178743070569354,blonde_rog,0.8130512,1
AXnrau7Shnw4edKT_Cim,,2021-05-22T14:01:43.865000+00:00,55.08818048480309,4.908722120956272,stekel_rog,0.18192953,1
AXnrajR_hnw4edKT_AKh,,2021-05-22T14:01:28.039000+00:00,56.78890102195412,5.099578341785419,,,0
AXnrau-fP0r_kDBnthjS,,2021-05-22T14:01:28.039000+00:00,56.42760216212596,3.9985137475065793,,,0
AXnrajLzP0r_kDBntfPy,,2021-05-22T14:01:12.236000+00:00,55.39786614660612,4.7527809398963,blonde_rog,0.6223544,1
AXnrajLzP0r_kDBntfPy,,2021-05-22T14:01:12.236000+00:00,55.18490556799705,1.802865793507947,stekel_rog,0.30436233,1
AXnrau-bFS_ZKoCYvK5P,,2021-05-22T14:01:12.236000+00:00,54.7103095063846,2.841199090630214,blonde_rog,0.6223544,1
AXnrau-bFS_ZKoCYvK5P,,2021-05-22T14:01:12.236000+00:00,56.6729710377467,2.23428108933458,stekel_rog,0.30436233,1
AXnrajLzP0r_kDBntfPz,,2021-05-22T14:00:54.342000+00:00,54.113688120880745,4.1518396700009745,,,0
AXnrau86P0r_kDBnthi7,,2021-05-22T14:00:54.342000+00:00,56.23598048163225,1.651456779819803,,,0
AXnrajNRP0r_kDBntfQI,,2021-05-22T14:00:40.286000+00:00,56.46398311249644,3.772937335710643,,,0
AXnrau-dFS_ZKoCYvK5R,,2021-05-22T14:00:40.286000+00:00,55.07305585585417,3.1208648559026866,,,0
AXnrajL0P0r_kDBntfP1,,2021-05-22T14:00:25.998000+00:00,54.84024462621583,3.3858039056982525,stekel_rog,0.8247168,1
AXnrajL0P0r_kDBntfP1,,2021-05-22T14:00:25.998000+00:00,54.37088544801152,0.95241574457829,blonde_rog,0.15291537,1
AXnrau-dP0r_kDBnthjQ,,2021-05-22T14:00:25.998000+00:00,55.79941420684199,3.0218024729064816,stekel_rog,0.8247168,1
AXnrau-dP0r_kDBnthjQ,,2021-05-22T14:00:25.998000+00:00,56.70913941920806,4.797526770521246,blonde_rog,0.15291537,1
AXnrajVRhnw4edKT_ANz,,2021-05-22T14:00:01.716000+00:00,54.36174648107171,2.1142096286587218,blonde_rog,0.54468423,1
AXnrajVRhnw4edKT_ANz,,2021-05-22T14:00:01.716000+00:00,56.83314448516448,0.16486225807506383,stekel_rog,0.45420748,1
AXnraux8hnw4edKT_Cgt,,2021-05-22T14:00:01.716000+00:00,56.700534520669194,6.622401938774228,blonde_rog,0.54468423,1
AXnraux8hnw4edKT_Cgt,,2021-05-22T14:00:01.716000+00:00,55.9596570018727,3.9488831386511767,stekel_rog,0.45420748,1
AXnrajKLP0r_kDBntfPs,,2021-05-22T13:59:41.371000+00:00,56.485669554393645,4.231256853103499,,,0
AXnraux8FS_ZKoCYvK2t,,2021-05-22T13:59:41.371000+00:00,54.73944328490667,0.809980252242841,,,0
AXnrajO2hnw4edKT_AKf,,2021-05-22T13:59:26.708000+00:00,55.230661993352065,2.283812922284413,gevlekte_rog,0.46819502,1
AXnrajO2hnw4edKT_AKf,,2021-05-22T13:59:26.708000+00:00,55.90924706065157,6.936235353198368,blonde_rog,0.30150574,1
AXnrajO2hnw4edKT_AKf,,2021-05-22T13:59:26.708000+00:00,54.74174453294718,1.1066381747388188,stekel_rog,0.20733616,1
AXnraux_FS_ZKoCYvK2v,,2021-05-22T13:59:26.708000+00:00,54.28570829296773,1.297960632855475,gevlekte_rog,0.46819502,1
AXnraux_FS_ZKoCYvK2v,,2021-05-22T13:59:26.708000+00:00,55.20538874948859,0.5075655923770114,blonde_rog,0.30150574,1
AXnraux_FS_ZKoCYvK2v,,2021-05-22T13:59:26.708000+00:00,56.21902773008865,2.634712025934751,stekel_rog,0.20733616,1
AXnrajLzP0r_kDBntfPx,,2021-05-22T13:59:10.702000+00:00,55.24786352923403,0.34148477319517645,,,0
AXnraux-hnw4edKT_Cgu,,2021-05-22T13:59:10.702000+00:00,55.787724933433445,6.578461700344805,,,0
AXnrajLyP0r_kDBntfPw,,2021-05-22T13:58:54.476000+00:00,56.019184135367205,4.474889673219531,blonde_rog,0.8388191,1
AXnrajLyP0r_kDBntfPw,,2021-05-22T13:58:54.476000+00:00,56.239569219063526,0.865787811535121,gevlekte_rog,0.14780028,1
AXnraux-FS_ZKoCYvK2u,,2021-05-22T13:58:54.476000+00:00,54.10538497845686,4.33479533523614,blonde_rog,0.8388191,1
AXnraux-FS_ZKoCYvK2u,,2021-05-22T13:58:54.476000+00:00,54.00155076834659,6.087866069641574,gevlekte_rog,0.14780028,1
AXnrajO6FS_ZKoCYvIqv,,2021-05-22T13:58:38.204000+00:00,56.416202829327844,4.112077981564641,,,0
AXnraux7P0r_kDBnthip,,2021-05-22T13:58:38.204000+00:00,56.18658011713983,6.4238278247793295,,,0
AXnrajO5FS_ZKoCYvIqu,,2021-05-22T13:58:20.651000+00:00,54.673885950439434,4.483626306053241,,,0
AXnraux7P0r_kDBnthio,,2021-05-22T13:58:20.651000+00:00,54.2949285591348,6.244113912680768,,,0
AXnrajThFS_ZKoCYvIrK,,2021-05-22T13:57:59.469000+00:00,55.12142220770899,4.335780607171744,blonde_rog,0.86501175,1
AXnrajThFS_ZKoCYvIrK,,2021-05-22T13:57:59.469000+00:00,55.718722354730495,3.4049451202422807,stekel_rog,0.1339481,1
AXnraux_P0r_kDBnthiq,,2021-05-22T13:57:59.469000+00:00,55.22643812816683,3.9690982387044125,blonde_rog,0.86501175,1
AXnraux_P0r_kDBnthiq,,2021-05-22T13:57:59.469000+00:00,54.07746287264009,1.2546520742420049,stekel_rog,0.1339481,1
AXnrajQcFS_ZKoCYvIqw,,2021-05-22T13:57:35.697000+00:00,54.940349607913184,6.5396457175797575,blonde_rog,0.7646881,1
AXnrajQcFS_ZKoCYvIqw,,2021-05-22T13:57:35.697000+00:00,55.936491517643454,2.177910313125806,gevlekte_rog,0.23116446,1
AXnrauuxP0r_kDBnthg5,,2021-05-22T13:57:35.697000+00:00,55.31174088127076,6.868130076224029,blonde_rog,0.7646881,1
AXnrauuxP0r_kDBnthg5,,2021-05-22T13:57:35.697000+00:00,54.94479770243334,5.927070647334153,gevlekte_rog,0.23116446,1
AXnrajSFhnw4edKT_AKi,,2021-05-22T13:57:16.847000+00:00,54.55620025984178,1.2411459642346645,blonde_rog,0.3304035,1
AXnrajSFhnw4edKT_AKi,,2021-05-22T13:57:16.847000+00:00,56.82107430542351,3.931260936337334,grootoog_rog,0.32029983,1
AXnrajSFhnw4edKT_AKi,,2021-05-22T13:57:16.847000+00:00,56.66095982415767,2.6965581184564362,gevlekte_rog,0.16285288,1
AXnrautTFS_ZKoCYvK2m,,2021-05-22T13:57:16.847000+00:00,55.772438512186,1.0068062683994206,blonde_rog,0.3304035,1
AXnrautTFS_ZKoCYvK2m,,2021-05-22T13:57:16.847000+00:00,56.90951075921507,3.8001928539558216,grootoog_rog,0.32029983,1
AXnrautTFS_ZKoCYvK2m,,2021-05-22T13:57:16.847000+00:00,55.410703301479906,6.073044063714772,gevlekte_rog,0.16285288,1
AXnrajNTP0r_kDBntfQM,,2021-05-22T10:32:11.710000+00:00,56.020089586569306,1.7227581214479977,stekel_rog,0.6355897,1
AXnrajNTP0r_kDBntfQM,,2021-05-22T10:32:11.710000+00:00,54.45424823192941,5.160935294532065,gevlekte_rog,0.19961515,1
AXnrautUP0r_kDBnthgo,,2021-05-22T10:32:11.710000+00:00,54.448368241437045,3.7778685731667485,stekel_rog,0.6355897,1
AXnrautUP0r_kDBnthgo,,2021-05-22T10:32:11.710000+00:00,55.238828726762485,5.292962103900524,gevlekte_rog,0.19961515,1
AXnrajYOhnw4edKT_APa,,2021-05-22T10:31:47.705000+00:00,56.02156047104522,0.05504381068915887,,,0
AXnrautNFS_ZKoCYvK2l,,2021-05-22T10:31:47.705000+00:00,55.46511447766493,1.7201529549557057,,,0
AXnrajNTP0r_kDBntfQL,,2021-05-22T10:31:22.766000+00:00,56.37728474890228,2.6228233552627462,stekel_rog,0.44975466,1
AXnrajNTP0r_kDBntfQL,,2021-05-22T10:31:22.766000+00:00,56.34051859553522,0.3713752786039092,blonde_rog,0.43046606,1
AXnrausXP0r_kDBnthgn,,2021-05-22T10:31:22.766000+00:00,56.57278879943962,1.2664173751459622,stekel_rog,0.44975466,1
AXnrausXP0r_kDBnthgn,,2021-05-22T10:31:22.766000+00:00,55.58705300932536,5.967384996862268,blonde_rog,0.43046606,1
AXnrajIqP0r_kDBntfPm,,2021-05-22T10:30:29.613000+00:00,56.28146202700083,3.4962469047650053,,,0
AXnrausShnw4edKT_Cem,,2021-05-22T10:30:29.613000+00:00,54.29310316494247,4.91239714710738,,,0
AXnraur-P0r_kDBnthgm,,2021-05-22T10:30:12.059000+00:00,55.845782408147144,4.0546730546661625,golf_rog,0.48493055,1
AXnraur-P0r_kDBnthgm,,2021-05-22T10:30:12.059000+00:00,56.9219282463816,2.6745507719260146,stekel_rog,0.26387584,1
AXnraur-P0r_kDBnthgm,,2021-05-22T10:30:12.059000+00:00,56.427576472376316,6.896791111096896,blonde_rog,0.2314965,1
AXnrajNSP0r_kDBntfQK,,2021-05-22T10:29:36.811000+00:00,56.83544536802562,0.6285339338760733,kleinoog_rog,0.40755045,1
AXnrajNSP0r_kDBntfQK,,2021-05-22T10:29:36.811000+00:00,55.145483241135615,2.270210848658905,golf_rog,0.23086397,1
AXnrajNSP0r_kDBntfQK,,2021-05-22T10:29:36.811000+00:00,55.94640954021933,4.507312631850734,stekel_rog,0.19725668,1
AXnraurlhnw4edKT_Cek,,2021-05-22T10:29:36.811000+00:00,56.776255221944076,5.45438748904764,kleinoog_rog,0.40755045,1
AXnraurlhnw4edKT_Cek,,2021-05-22T10:29:36.811000+00:00,54.724703663897444,2.998983729846299,golf_rog,0.23086397,1
AXnraurlhnw4edKT_Cek,,2021-05-22T10:29:36.811000+00:00,54.686864090590355,2.7735226494644705,stekel_rog,0.19725668,1
AXnrajIqP0r_kDBntfPl,,2021-05-22T10:29:08.030000+00:00,55.5742560947379,5.62499674448596,,,0
AXnrauriFS_ZKoCYvK2h,,2021-05-22T10:29:08.030000+00:00,54.72195400623257,4.20828702856362,,,0
AXnrajHGhnw4edKT_AKF,,2021-05-22T10:28:41.755000+00:00,55.99589082638203,4.425891615047992,,,0
AXnrauqwP0r_kDBnthgY,,2021-05-22T10:28:41.755000+00:00,55.57142888410795,2.87676220546157,,,0
AXnGyPIChnw4edKTL6bU,"
          professionele visser
        ",2021-04-29T18:33:54.419000+00:00,54.33572511285236,1.4236736803973278,,,0
AXnGyPIAhnw4edKTL6bT,"
          professionele visser
        ",2021-04-29T18:33:35.878000+00:00,56.18582522952198,3.1348989485846586,gevlekte_rog,0.5939897,1
AXnGyPIAhnw4edKTL6bT,"
          professionele visser
        ",2021-04-29T18:33:35.878000+00:00,56.68141549345698,0.8665854589789,blonde_rog,0.3072664,1
